string,weight
Ibis,11
Ibis Styles,6
Hotel des Arts,4
Citadines,4
Timhotel,4
Hotel Kyriad,3
Hotel de France,3
Best Western,3
Hotel de la Paix,3
Grand Hotel Leveque,2
Hotel de Lille,2
Hotel de l'Aveyron,2
Novotel,2
Hotel Saint-Cyr Étoile,2
Hotel Saint-Charles,2
Viator,2
Hotel du Midi,2
Holiday Inn,2
Hotel France d'Antin,2
Hotel La Bourdonnais,2
Hotel London,2
Ideal Hotel,2
Hotel des Pyrenees,2
Hotel Rhin et Danube,2
Hotel de l'Europe,2
Regina,2
Hotel de l'Avenue,2
Nouvel Hotel,2
Hotel Le Grillon,2
Mercure Hotel,2
Le Cardinal,2
Hotel du parc,2
Hotel du Commerce,2
Hotel Savoy,2
Hotel des Bains,2
Hotel Mercure,2
Sure Hotel,2
Hotel Central,2
Hotel Du Marche,2
Hipotel,2
BVJ Paris-Louvre,1
Hotel Crayon Rouge,1
Hotel Saint-Honore,1
Hotel Montpensier,1
Hotel Louvre Bon Enfants,1
Hotel Vendome,1
Hotel Costes,1
Hotel Vivienne,1
Hotel des Boulevards,1
Hotel Sainte-Marie,1
Hotel du Loiret,1
Hotel du Septième Art,1
Hotel de la Place des Vosges,1
Hotel Port-Royal,1
Maitre Albert B&B,1
Le Clos Medicis,1
L'Hotel,1
Victoria Palace Hotel,1
Le Petit Chomel,1
Signature,1
Hotel du Champ de Mars,1
Hotel Saint-Dominique,1
Hotel Duquesne Eiffel,1
Hotel de la Tulipe,1
Timhotel Best Western Tour Eiffel Invalides,1
Four Seasons Hotel George V,1
Hyatt Regency Paris - Madeleine,1
Hotel du Terrage,1
Comfort Hotel Gare de l'Est,1
Hotel Hangely,1
Le General Hotel,1
Classics Hotel,1
Grand Hotel Nouvel Opera,1
Hotel du Nord et de l'Est,1
Hotel Parisianer,1
Hotel Prince Albert,1
9 Hotel Bastille-Lyon,1
Paris Reuilly - Aparthotels Adagio,1
Hotel Palym,1
Kyriad Italie Gobelins,1
Ibis Styles - Butte aux Cailles,1
Jack's,1
La Manufacture,1
Mercure Gobelins,1
Holiday Inn Express Paris place d'Italie,1
Le Parc,1
Hotel Prince Albert Monceau,1
Hotel Bonsejour,1
Hotel Sofia,1
Hotel Eden Montmartre,1
Paris Hotel,1
Terrass'' Hotel,1
Hotel Bonne Nouvelle,1
Tiquetonne Hotel,1
Tryp Hotel Paris François,1
Hotel Victoires Opera,1
Grand Hotel des Arts et Metiers,1
Hotel Royal Bel Air,1
Hotel Carladez Cambronne,1
Novotel Paris Vaugirand Montparnasse,1
Hotel Ibis Cambronne,1
Novotel Paris Gare Montparnasse,1
Hotel Les Deux Gares,1
Hotel Le Littre,1
Hotel Crimee,1
Hotel Ermitage,1
Hotel Balzac,1
Hotel Acacias Etoile,1
Le Grand Hotel Intercontinental,1
Edgar & Achille,1
Hotel Sofitel Le Faubourg,1
"Maison Astor Paris, Curio Collection by Hilton",1
Crowne Plaza,1
Hotel Valadon,1
Hotel États-Unis Opera,1
Hotel L'Horset Opera,1
Hotel Val Girard,1
Alize Grenelle,1
Beaugrenelle Saint-Charles,1
Hotel Scribe,1
Mercure Paris Montparnasse Pasteur,1
Hotel de Suez,1
Hotel de la place des Alpes,1
Mademoiselle,1
Hotel du Prince Eugène,1
Le Très Particulier,1
Grand Hotel Dore,1
Sublim,1
Hotel Albouy,1
Relais du Pre,1
Hotel du Pre,1
Residence du Pre,1
Au Manoir Saint-Germain des Pres,1
Adagio Paris Montmartre,1
Kube Hotel,1
Au Bœuf Couronne - Hotel & Restaurant,1
Montparnasse Rive Gauche,1
Citadines Place d'Italie,1
Hotel de la Porte Doree,1
L'Interlude,1
Novotel Paris Bercy,1
Hotel Ibis Styles Paris-Bercy,1
Hotel Plaza Élysees,1
Hotel Altona,1
Hotel Cabane,1
Wattignies Hotel,1
Hotel Allegro,1
Terminus - Lyon,1
Hotel Albe Bastille,1
Hotel Saint-Hubert,1
"Hotel Camille Paris Gare de Lyon, Tapestry Collection by Hilton",1
Lyon Bastille,1
Hotel Mercure Paris Gare de Lyon TGV,1
Concordia,1
Hotel Helvetia,1
Hotel de Marseille,1
Hotel Alexandrie,1
Nièvre Hotel,1
Modern's,1
Bel Oranger,1
TimHotel Gare de Lyon,1
Aurore Best Western,1
Le Myosotis,1
Hotel Europe,1
Hotel Mignon,1
Alcyon,1
Hotel Prince,1
Hotel Pont Royal,1
Hotel Ibis Paris 17 Clichy-Batignolles,1
Hotel Marriott,1
Hotel Coypel,1
Hotel des Écrivains,1
Hotel Le Lapin Blanc,1
Convention Montparnasse,1
Albe Hotel Saint-Michel,1
hotelF1 Paris Porte de Châtillon,1
Rue Bertin Poiree,1
Hotel Victoria Châtelet,1
Hotel Britannique,1
Hotel des Olympiades,1
Hotel Regina,1
Hotel du Louvre,1
Hotel Louvre Piemont,1
Hotel Normandy,1
Hotel Louvre Saint-Anne,1
Opera Maintenon,1
Hotel Prince Albert Louvre,1
Hotel de l'Exposition - Tour Eiffel,1
Londres Saint-Honore,1
Hotel Brighton,1
Meliã Vendome,1
Hotel Opera Richepanse,1
Hotel d'Aubusson,1
Hollmann in Paris,1
Dame des Arts,1
Folkestone Opera,1
Sydney Opera,1
Hotel de la Bretonnerie,1
Prince de Galles,1
Hotel Jeanne d'Arc,1
Hotel Turenne,1
Hotel Saint-Louis Marais,1
Les Bains Paris,1
Hotel Marais Grands Boulevards,1
Hotel du Plat d'Étain,1
Hotel Paix Republique,1
Miramar,1
Timhotel Montparnasse,1
Printania,1
Hotel la Residence du Roy,1
Hotel Gay-Lussac,1
Little Palace Hotel,1
Hotel Saint-Paul Rive Gauche,1
Hipotel Paris Voltaire Bastille,1
Hotel Taylor,1
One by the Five,1
Holiday Inn : Gare de L'est,1
Artus Hotel,1
Hotel Beauchamps,1
Hotel du Rond-Point des Champs-Élysees,1
Hotel Elysee Park,1
Hotel Mathis Élysees,1
Le 123 Elysees,1
Hotel Élysees 8,1
Royal Madeleine,1
Hotel Opal,1
Vintage Hostel Gare du Nord,1
Hotel Berne Opera,1
Hotel Exe Paris Centre,1
Grand Hotel du Havre,1
Hotel Phileas,1
Hotel de Dieppe,1
Hotel Alize Montmartre,1
Pley Hotel,1
Le Friedland,1
Champs-Élysees Plaza,1
Hotel California,1
Hotel du Colisee,1
Château des Fleurs,1
Hotel de la Tremoille,1
Hotel Élysees Regencia,1
Hotel Le Walt,1
Hotel Norman Paris,1
L'Hotel du Collectionneur,1
Hotel Lord Byron,1
Hotel Ekta Champs Elysees,1
Pershing Hall,1
Hotel Mercure Paris 19 Philharmonie La Villette,1
Holiday Inn Express : Hotel Paris-Canal De La Villette,1
Les Dames du Pantheon,1
Hotel de l'Aqueduc,1
Hotel Mercure Paris Gare du Nord La Fayette,1
Park Hyatt Paris -Vendome,1
Hotel habituel,1
Paradiso,1
Excelsior Hotel Varlin,1
Grand Hotel de l'Univers-Nord,1
Hotel Pullman Paris Bercy,1
Hotel George,1
Hotel Sibour,1
Appart'City,1
Bourgogne et Montana Hotel,1
Hotel de Varenne,1
Hotel des Trois Gares,1
Hotel Acte V,1
Hotel Americain,1
Hotel Raphael,1
Hotel Baltimore,1
Hotel Pastel,1
Villa des ambassadeurs,1
Hotel Victor Hugo,1
Residence Chalgrin,1
La Clef Tour Eiffel,1
Residence Imperiale,1
Color Design Hotel,1
Holliday Inn,1
Hotel Forest Hill La Villette,1
Hotel Gavarni,1
Hotel Korner,1
Hotel Jeff,1
Hotel Residence Foch,1
Hotel du Jardin des Plantes,1
Hotel Elysa-Luxembourg,1
Hotel Ribera,1
Hotel La Fayette,1
Queen's Hotel,1
Hotel du Square,1
Holiday Inn Garden Court : Paris-Auteuil,1
Hotel Auguste,1
Hotel Merryl,1
Hotel de Bellevue Paris,1
Hotel Le Regent,1
Ambassadeur,1
Hotel Les Rives de Notre-Dame,1
Hotel Notre-Dame,1
Hotel Amiot,1
Familia Hotel,1
Hotel Minerve,1
Hotel des Grands Hommes,1
Le Lotti,1
Hotel Eber Mars,1
Eiffel Kennedy,1
Hotel Le Derby Alma,1
Hotel Les Theâtres,1
Best Western Premier Le Swann,1
Hotel Derby Eiffel,1
Hotel Lodge du Centre,1
Hotel Villa Margaux,1
Hotel des Victoires,1
Hotel Ronceray,1
Hotel Acadia,1
Victoria,1
Paris Eiffel Cambronne,1
Baldi,1
First Hotel,1
Hotel Segur,1
Bailli de Suffren,1
Antin Saint-Georges,1
Hotel de Maubeuge,1
Le Meurice,1
Hotel Saint-James & Albany,1
Le Petit Beaumarchais,1
l’Apostrophe,1
William's Opera,1
Hotel Des Arts Bastille,1
Ibis Paris Gare de l'Est,1
Élysee,1
La Maison Blanche,1
Eiffel Saint-Charles,1
Europeen,1
Hotel de Nantes,1
Hotel d'Espagne,1
Hotel Montalembert,1
Grand Hotel du Bel Air,1
Hotel du Petit Louvre,1
Hotel Delos Vaugirard,1
Le Daum,1
Hotel Chatillon Paris Montparnasse,1
Hotel Avalon Paris,1
Hotellerie Paris Saint-Honore,1
La Croix de Malte,1
Grand Hotel Haussmann,1
Hotel Helder Opera,1
Hotel 10 Opera,1
Hotel Langlois,1
Ibis Budget,1
Baudelaire,1
Alison,1
Beau Manoir,1
La Sanguine,1
Hotel de Sèze,1
Le Clos d'Alesia,1
Ibis Styles Paris Nation Cours de Vincennes,1
Hotel du Moulin,1
Modern Hotel,1
Luxor Bastille Hotel,1
Le Versigny,1
Hotel du Bon Sejour,1
Hotel Aida Marais,1
Hotel des 3 Nations,1
Hotel Tours Magenta,1
Residence Mouffetard,1
Hotel Westminster,1
Mandarin Oriental Paris,1
Hotel Andre Latin,1
Relais Saint-Jacques,1
Hotel Banke,1
Thoumieux,1
Hotel Therèse,1
Le Seven,1
Hotel des Grandes Écoles,1
Ibis Paris Brancion parc des expositions,1
Hotel Regyn's Montmartre,1
Clichy Hotel,1
Hotel Andre Gill,1
La Soummam,1
Hotel Belambra Magendie (Touring Hotel),1
Hotel Mogador,1
Holiday Inn Paris Opera,1
Hotel R de Paris,1
Antin Trinite,1
Opera d'Antin,1
Bloum,1
Hotel Imperial,1
Paris Vaugirard,1
Hotel Litteraire Marcel Ayme,1
Hotel Mercure Paris Montmartre Sacre Cœur,1
Hotel Ibis Paris Montmartre,1
Art Hotel Batignolles,1
Hotel de Flore 108 rue Lamarck,1
Holliday Inn Garden Court,1
Le Rocroy,1
Hotel ibis Paris Sacre-Cœur,1
Hotel des Arènes,1
Hotel Studia,1
Renaissance Paris Vendome Hotel,1
Le Patio Bastille,1
Hotel de la Chope,1
Hotel Le M,1
Hotel de Sevigne,1
Étoile Saint-Ferdinand,1
Citadines Apart'Hotel,1
Hotel Terminus Montparnasse,1
Mercure Gare Montparnasse,1
Libertel Montmartre Duperre,1
Renaissance Paris Arc de Triomphe Hotel,1
Hotel La Comtesse by Elegancia,1
Hotel Berkeley,1
Platine,1
New Hotel Saint-Lazare,1
Hotel Londres & New-york,1
Le Pavillon Bastille,1
Shangri-La Hotel,1
Hotel Max,1
61 Paris Nation Hotel,1
Palma Hotel,1
Le Baron,1
AmHotel Italie,1
Arian Hotel,1
Windsor Opera,1
Meridional,1
Mercure Paris Vaugirard Porte de Versailles,1
Porte de Versailles Hotel,1
Hotel Riquet,1
Hotel de la Poste,1
Hotel Clarisse,1
Hotel Exelmans,1
Hotel Boileau,1
Hotel Median Paris Porte de Versailles,1
Villa royale Montsouris,1
Hotel Virgina,1
Hotel Montsouris Orleans,1
Hotel Beaunier,1
Glam's Hotel,1
Parc Hotel,1
Sports Hotel,1
Hotel du Parc Saint-Charles,1
Hotel Source,1
Timhotel Nation,1
Dupleix Hotel,1
Hotel Tolbiac,1
Hotel Torcy,1
Hotel de Belfort,1
Hotel Palais de Chaillot,1
Hotel Belfort,1
Hotel Mirific,1
Cambrai,1
Le Petit Belloy,1
Hotel Belloy Saint-Germain,1
Quality Hotel & Suites Bercy Bibliothèque,1
Paris Montmartre Hotel,1
Hotel Pavillon de la reine,1
Amiral,1
Nouveau Paris Park Hotel,1
Hotel Magellan,1
Le Petit Cosy,1
Armoni Hotel,1
Hotel Champerret-Heliopolis,1
Piapia,1
Hotel Flor Rivoli,1
Grand Hotel Dechampaigne,1
Louvre Montana,1
Grand hotel amelot,1
Louis II,1
Cordelia,1
Hotel 34B,1
Hotel marais bastille,1
Hotel Villa des Ternes,1
Hotel Champerret-Élysees,1
Notre-Dame,1
Jardin de Villiers,1
Pavillon Courcelles Parc Monceau,1
Pavillon Villiers Étoile,1
Holiday Villa,1
Auriane Porte de Versailles,1
Beausejour Montmartre,1
Hotel Selva,1
Balcon de Charonne,1
Hotel Mont Blanc,1
Hotel abbatial Saint-Germain,1
Europe - St Severin,1
Mercure Paris - Tour Eiffel,1
Ideal Hotel,1
Hotel du Parc Saint-Severin,1
Hotel Chopin,1
Hotel Perreyve,1
Bonsoir Madame,1
Istria Montparnasse,1
Hotel Madeleine Plaza,1
Andrea Rivoli,1
Hotel de Reims,1
Hotel Vicq d'Azir,1
Diva Opera,1
Residence Châtillon,1
Hotel de l'Alma,1
Hotel Royal Saint-Honore,1
Hotel Fertel Maillot,1
Central hotel,1
Hotel de Neuville,1
Hotel CÉ,1
Hotel Nude Paris,1
Apolonia,1
Hotel Design de la Sorbonne,1
34B,1
Hotel du Calvados,1
Austin's Saint-Lazare,1
Élysees Union,1
Hotel Michelet Odeon,1
Trianon Rive gauche,1
Radisson Blu Le Dokhan's Hotel,1
Plaza Tour Eiffel,1
Adagio Aparthotel,1
Hotel de la Perdrix Rouge,1
Hotel Villa Garibaldi,1
Hotel Academie,1
Citadines Austerlitz Paris,1
Le Richemont,1
Hotel du Triangle d'Or,1
Hotel Cluny-Sorbonne,1
Hotel Noir,1
Hotel de Sers,1
Hotel Bel Ami,1
Hotel Edouard 7,1
Hotel Eiffel Trocadero,1
Hotel Franklin,1
Golden Hotel,1
The Peninsula Paris,1
Hotel Mon Rêve Amadeus,1
Hotel du Parc Montsouris,1
Best Western Empire Élysees,1
Moulin Vert,1
La Finca,1
Hotel du Cadran,1
Pavillon Nation,1
Canal de l'Ourcq,1
Pink Hotel,1
Chouette Hotel,1
Le Robinet d'Or,1
Saint-Sebastien,1
Hotel de bourgogne,1
slh.com,1
Hotel Le Mareuil,1
Vienne,1
Hotel Beaumarchais,1
Paris Voltaire,1
Hotel Bastille de Launay,1
Hotel de Venise,1
Le 20,1
Moley,1
Archives,1
Ideal,1
Hotel Floridor,1
Trema,1
Hotel Murat,1
Hotel Madrigal,1
Select,1
Hotel Grand Paris,1
Hotel Josephine,1
R.Kipling Hotel,1
Hotel Choisy,1
Ibis Paris Tour Montparnasse,1
Villa Beaumarchais,1
Le Richmond,1
Picardy Hotel,1
ibis Styles Paris Gare du Nord TGV,1
Moxy Paris Bastille,1
Mary's,1
Alhambra,1
Le relais du Louvre,1
Hotel de la Place du Louvre,1
Au royal mad,1
Cyrano,1
Rhetia,1
Les Trois Collèges,1
Hotel Central Saint-Germain,1
Hotel Caron,1
Art Hotel,1
Les Tournelles,1
The Blake Paris Gare Saint Lazare,1
New Orient Hotel,1
Timhotel Opera Gare Saint-Lazare,1
Madrid Opera,1
Amadeus,1
Fred Hotel,1
Molitor,1
Massena,1
Hotel Les Jardins d'Eiffel,1
Hoy,1
Hotel Royal Phare,1
Hotel des Metallos,1
Hotel Fabric,1
Hotel de l'Exposition,1
Hotel Sophie Germain,1
Hotel Fougère,1
Royal Monceau – Raffles Pari,1
Le Mediterraneen,1
Hotel de Latour-Maubourg,1
Mom'art,1
Hotel Eiffel-Blomet,1
Hotel Mimosa,1
Nouvel Hotel Eiffel,1
Vic Eiffel,1
Art Hotel Eiffel,1
Saint-Petersbourg,1
Hotel du Cygne,1
AC Hotel by Marriott,1
Hotel Warwick,1
Hotel des Champs Élysee,1
Hotel Arc Élysee,1
Hotel Lancaster,1
Hotel Rochester,1
New Hotel Candide,1
Marriott Opera Ambassador,1
Les Jardins de Montmartre,1
Hotel de la cite Rougemont,1
Hotel Bresil Opera,1
Tribe Paris 17 Batignolles,1
Hotel de Roubaix,1
Hotel 1er Etage,1
Appart'Tourisme Paris Porte de Versailles,1
Audran,1
Hotel Residence Quintinie Square,1
Majestic Hotel - Spa,1
Ibis Styles Paris - Massena - Olympiades,1
Les Jardins du Marais,1
Gregoire,1
Le Relais Saint-Honore,1
Hotel de Vendome,1
Hotel Powers,1
Hotel Château Frontenac,1
Hotel Claridge,1
Hotel Royal Garden,1
Hotel Avenir Montmartre,1
Prince Albert Opera,1
Hotel Lorraine,1
Hotel Saint-Andre des Arts,1
Le Petit Paris,1
Home Moderne,1
Hotel du Dragon,1
Hotel de la Terrasse,1
Hotel Lumières,1
Montmartre Apolonia,1
Quality Abaca Messidor,1
Hotel Suites Unic Renoir Saint-Germain,1
L’hotel Libertel Austerlitz Jardin des Plantes,1
Aparthotel Adagio Paris Opera,1
Hotel d'Orsay,1
La belle Juliette,1
Gastón,1
Hotel Bedford,1
Lenox Montparnasse,1
Zazie Hotel,1
Hotel Chaligny,1
Hotel Palais,1
Hotel de Nesle,1
Ducs d'Anjou,1
Newhotel Roblin,1
Liberty,1
Hotel Émile,1
Hotel Malar,1
Villa des Princes,1
Best Western Le 18,1
Odeon Sant Germaine,1
Soft,1
Atelier Vavin,1
Porte Vincennes,1
Hotel Monte Cristo,1
BNF hotel,1
Le Relais Medici,1
The Westin Paris,1
Elysees Opera,1
B Square,1
Hotel prince de Conti,1
Hotel Picard,1
Hotel Arcadie,1
Hotel Jonas,1
Green Hotel,1
Hotel du Roi Rene,1
La Clef Louvre,1
Quality Hotel Malesherbes,1
Hotel de Suède,1
Timhotel Opera Grands Magasins,1
Hotel Lautrec Opera,1
Citadines Bastille Marais,1
Hotel Aston,1
Hotel La Tour d'Auvergne,1
Atala,1
Le Vert Galant,1
Hotel Rendez-Vous,1
Cristal,1
Daunou Opera,1
Pavillon de Montmartre,1
Radisson Blu Hotel Champs Elysees,1
Edgar,1
Burgundy Paris,1
Castille Paris,1
Aberotel Montparnasse,1
Hotel La Louisiane,1
vice versa,1
Hotel Quartier Latin,1
La Maison Montparnasse,1
Hotel Vendome Saint-Germain,1
Welcome Hotel,1
L'Antoine,1
Prince Albert Lyon Bercy,1
Hotel Saphir,1
Hotel Marena,1
Libertel Gare-du-Nord Suède,1
La vielle France,1
New Hotel,1
Hotel du Danube,1
Hotel de l'Universite,1
Millennium Hotel Paris Opera,1
L'Empire Paris,1
Tourisme avenue hotel,1
Grand Hotel Magenta,1
Felicite,1
Hotel Best Western Ducs de Bourgogne,1
Victoire & Germain,1
Crayon,1
La Fantaisie,1
Adriatic,1
Bonaparte,1
Quai Voltaire,1
Hotel des Marronniers,1
Vinci Due,1
Verneuil,1
Hotel d'Angleterre,1
Hotel Ibis Styles Paris Crimee La Villette,1
Villa Montmartre,1
Hotel Le Monna Lisa,1
L'Ouest Hotel,1
Le Clement,1
CitizenM Gare de Lyon,1
Hotel Paris Villette,1
Grand Hotel Chicago,1
Hotel Tubeuf,1
bassano,1
Malesherbes Hotel,1
Hotel Prince Albert Wagram,1
Hotel des Batignolles,1
Hotel du Mont Dore,1
Hotel Restaurant Campanile Paris La Villette,1
Geoffroy Marie Opera,1
Zora,1
Hotel Left Bank Saint-Germain,1
The Hoxton,1
Hotel Appia,1
L'Aigle,1
Hotel Ibis Budget,1
Hotel Recamier,1
Serotel Lutèce,1
Hotel ibis Paris Bastille Faubourg-Saint-Antoine,1
Villa Madame,1
Hotel Mercure Paris Bastille Marais,1
Hotel de Buci,1
Madison Hotel,1
Hotel Da Vinci,1
Hotel Baume,1
Hotel Franklin Roosevelt,1
Hotel Mercure Paris Opera Louvre,1
Hotel Dupond Smith,1
Hotel Novotel Paris Les Halles,1
Hotel de France Invalides,1
Atlantic Hotel,1
Hotel Mercure Paris Opera Garnier,1
Hotel Le Vignon,1
Hotel ibis Styles Paris Gare Saint-Lazare,1
Aparthotel Adagio Paris Hausmann,1
Hotel Chateaubriand,1
Snob Hotel by Elegancia,1
Hotel Juliana Paris,1
Hotel West End,1
Le Marianne Hotel,1
Hotel Mayfair Paris,1
La Bellechasse Saint-Germain,1
Le Pradey,1
La Villa Haussmann,1
Idol Hotel,1
Hotel Molière,1
Hotel Élysees Mermoz,1
Hotel Square Louvois,1
Hotel Monsieur,1
Hotel Mercure Paris Arc de Triomphe Wagram,1
Hotel Le Mireille,1
Hotel Ibis Paris Ornano Montmartre Nord 18ème,1
Hotel Le Chat Noir,1
Mercure Paris Opera Lafayette Hotel,1
Maxim Opera,1
Le Pigalle,1
Hotel Exquis,1
Hotel Grimod,1
Hotel du Nord le pari velo,1
Cactus,1
Hotel Saint-Marc,1
???,1
Hotel Particulier Montmartre,1
Porte de Vincennes,1
Hotel Montmartre Clignancourt,1
Hotel Gerando,1
121 Paris Hotel,1
Hotel du Delta,1
Riviera,1
Gran Hotel de l'Europe,1
Orion Paris Haussmann,1
Hotel de l'Abbaye,1
Les Deux Girafes,1
Hotel Ritz,1
Hotel Île-de-France opera,1
Royal Bastille,1
Hotel Bastille,1
Hotel de l'Empereur,1
Hotel Royal Mansart,1
Hotel Trianon,1
Hotel de la Sarthe,1
Hotel de Banville,1
Hotel Sunny,1
Le Grand Pigalle,1
123 Astotel,1
Be You Appart'Hotel,1
Star hotel n°13,1
Gold Hotel Paris Montmartre,1
Residence Blanche,1
Hotel du Levant,1
Hotel Opera Lafayette,1
Hotel de France 18,1
Whistler,1
Hotel Meliti,1
Hotel Ohm,1
Hotel St Bernard,1
FM Hotel,1
Maison Mère,1
Hotel Jarry,1
Hotel Maison FL,1
Aparthotels Adagio La Villette,1
Brach Paris,1
Gresset,1
Lena,1
Hotel Fertel Étoile,1
Hotel Marmotel Étoile,1
Tim hotel Montparnasse,1
Hotel Bristol Republique,1
L'Oiseau Bleu,1
Hotel Moulin Plaza,1
Hotel Tivoli,1
Hotel Baby,1
Citadines - Republique,1
Maison Albar Hotel,1
Hotel Tilsitt Étoile Paris,1
Hotel Hameau de Passy,1
"Hotel de Berri Champs-Élysees, a Luxury Collection Hotel",1
Montmartre mon Amour,1
Paris Oasis,1
Hotel des Deux Avenues,1
Paris Montmartre 18ème,1
Residhome Paris Rosa Parks,1
Hotel Duminy-Vendome,1
Residhome Paris Gare de Lyon - Jacqueline De Romilly,1
Le Kouriet,1
Gustave,1
Eiffel Capitol,1
Beaugrenelle Tour Eiffel,1
Hotel Balagny,1
Aparthotel Adagio Paris Bercy Village,1
Le Nouvel Hotel du Theâtre,1
Cosmotel,1
Trivion,1
Royal Residence,1
Les Jardins du Faubourg,1
Hotel Jenner,1
Hotel de Josephine Bonaparte,1
Ibis Budget Paris La Villette,1
Hotel Relais Monceau,1
Hotel Ampère Paris,1
Lodge In mis,1
Hotel Fanelles Paris,1
Hotel Cecilia,1
Hotel Garden Saint-Martin,1
Hotel de Noailles,1
La nouvelle Republique,1
Max hotel,1
Residence Moret,1
Hotel de la Franche-Comte,1
Hotel Chabrol Opera,1
Hotel Henriette Rive Gauche,1
Hotel Floridor Étoile,1
Le Fabe,1
Simon’s boutique hotel,1
Grand Hotel Français,1
citizenM Paris Champs Elysees,1
Ibis Ornano,1
Le Belmont,1
Hotel Regence,1
Style,1
Hotel de Nemours,1
Hotel Amelie,1
Perfect Hotel & Hostel,1
Laz',1
Atelier Montparnasse,1
Hotel Nicole,1
Mercure Paris Montparnasse Raspail Hotel,1
Grand Hotel Malher,1
Hotel Amour,1
Hotel Barrière Le Fouquet's,1
Hotel de Sully,1
La Maison Favart,1
Grand hotel de Normandie,1
Hotel Park-Lane,1
Hotel de Seine,1
Hotel,1
Hotel L'Adresse,1
Hotel tincis,1
Hibiscus Republique,1
Hotel National des Arts et Metiers,1
Hotel des Canettes,1
Hotel La Perle,1
Hotel du Palais Bourbon,1
Hotel Nord-Est,1
Hotel du Brabant,1
Le Clos Notre-Dame,1
Hotel Twelve,1
Hotel Santana,1
Hapimag Resort Paris,1
Hotel Condamine,1
Konfidentiel,1
Hotel Couronnes,1
Pavillon Louvre Rivoli,1
Le Trente,1
Hotel des deux Nations,1
À la Villa des Artistes,1
Melia Paris Villa Marquis,1
Hotel de l'Union,1
Vix-Hotel,1
Hotel-Residence de la Mare,1
Les 3 Poussins,1
Cheval Blanc,1
Sinner,1
Hotel de la Tour Eiffel,1
K+K Hotel Cayre,1
Hotel Saint-Germain,1
Hotel Dress Code,1
Pepper & paper apartments,1
Hotel de Paris,1
Les Degres de Notre Dame,1
Kimpton St Honore Paris,1
Étoile Pereire,1
Les Jardins de la Villa,1
Hotel Clauzel,1
Aparthotel Adagio Paris Nation,1
Hotel Stanislas,1
Hotel Botaniste,1
Hotel Bienvenue,1
New Hotel Lafayette,1
Oasis Montparnasse,1
Celeste,1
Hotel Nini,1
Hotel Victory Galou,1
Villa Modigliani,1
Hotel de la Fourche,1
Hotel Bertha,1
Hotel Daval,1
Nouvel France,1
Hotel du Trone,1
Luxelthe,1
Surcouf,1
Paris Art Hotel,1
Le Chaplain,1
TimHotel Paris Tour Eiffel,1
Magenta 38,1
Hotel des Grands Voyageurs,1
The valley off,1
Hotel Cornet,1
Maxim folies,1
Madame Rêve,1
Alane Hotel,1
Hotel Passy Eiffel,1
Hotel 7 Eiffel,1
Hotel Aero,1
Les Hauts de Passy,1
SO/ Paris Hotel,1
Prince Albert Montmartre,1
Hotel Vaneau Saint-Germain,1
Le Grand Quartier,1
Castex Hotel,1
Hotel Luxembourg Parc,1
Prince de Conde,1
Crystal Hotel,1
Hotel Odeon Saint-Germain,1
Le Relais Saint-Germain,1
Esprit Saint-Germain,1
Cafe hotel de Limoges,1
Le Royal,1
Celtic,1
Grand Hotel de l'Univers,1
Astoria,1
Best Western Montcalm,1
Dandy,1
Hotel Printania,1
Le Pont-Neuf,1
Hotel Vieux Marais,1
Excelsior Batignolles,1
Raspail Hotel,1
Hotel des Academies,1
Hotel Jardin Le Brea,1
Hotel Delavigne,1
Fontaines du Luxembourg,1
"Le Belgrand Hotel Paris Champs Elysees, Tapestry Collection by Hilton",1
Quartier Libre,1
Hotel Lorette,1
Rayz Eiffel,1
Jean-Bart,1
Dauphine St. Germain,1
Bourg Tibourg,1
9Confidentiel,1
Eugenie,1
Le Six,1
Hotel des 2 Continents,1
Hotel des Saints-Pères,1
Millesime,1
La Villa St Germain,1
Hotel Trinite Haussmann,1
Atlantis,1
Mayet,1
Exe Panorama,1
Aiglon,1
Residence des Arts,1
Villa d'Estrees,1
Le 55 Montparnasse,1
Choiseul Opera,1
Hotel des Beaux Arts,1
Monsieur Georges Hotel & Spa,1
Hotel de Fleurie,1
Le Petit Trianon,1
Hotel des Nations Saint-Germain,1
Hotel Indigo Paris - Opera,1
Sainte-Beuve,1
Delambre,1
Danemark,1
Hotel Des Pavillons,1
Hidden Hotel,1
Briard,1
Le Pactole,1
Renoir,1
Hotel de France Quartier-Latin,1
My Home in Paris,1
Le 10 Bis,1
Harvey,1
9Hotel Republique,1
Avenir Hotel,1
B55,1
Hotel Rivoli,1
Neptune,1
Saint-Roch,1
Hotel du Lion d'Or,1
Le Senat,1
Ibis Paris Gare de l'Est 10ème,1
Zoku,1
Relais Christine,1
Hotel des Grands Boulevards,1
Hotel 31,1
Bleu de Grenelle,1
Hotel du Mont Louis,1
Nadaud hotel,1
Hotel de la Gaite,1
Hotel Mazagran,1
Hotel de Saint Germain,1
Icone,1
Hotel De Clermont,1
Lyric Opera,1
Pavillon,1
Reims Hotel,1
Paris eight,1
Hotel Garance,1
Hotel Bradford Elysees - Astotel,1
Le Roch,1
Hotel Declic,1
Okko hotêl,1
Hotel Pullman Montparnasse,1
Au Pacific Hotel,1
Agora hotel,1
La Herse d'Or,1
Hotel Eden Opera,1
Hotel Victor Masse,1
FIAP Jean Monnet,1
Splendid Hotel,1
Hotel de l'Avre,1
Hotel Amiral Fondary,1
Maison 46,1
Hotel Alyss,1
Hotel Amiral,1
Mercure,1
Pavillon Porte de Versailles,1
Hotel du Pont Neuf,1
Tonic Hotel,1
Moderniste,1
Hotel Karraz,1
Le Relais des Halles,1
Hotel Paris Le Marquis Eiffel,1
Hotel Ares Eiffel,1
Europe Hotel,1
Campanile Paris XV - Tour Eiffel,1
Hotel Lille-Louvre,1
Hotel Washington Opera,1
Pullman Paris Tour Eiffel,1
Cambon Hotel,1
Marsollier Opera,1
Ascot Opera,1
Grand Hotel de Malte Opera - Astotel,1
Gramont,1
Timhotel Palais Royal,1
Hotel Volney Opera,1
Hotel Stendhal Paris Place Vendome MGallery by Sofitel,1
Hotel Bachaumont,1
Hotel du Globe,1
Hotel Bellevue et du Chariot d'Or,1
Appi,1
Sookie,1
Henri IV,1
Best Western Quartier Latin,1
Hotel Saint-Christophe,1
Oratio,1
Le M. Saint-Germain,1
Hotel & spa Saint-Jacques,1
Villa Pantheon,1
Claude Bernard,1
Les bulles de Paris,1
Hotel des Carmes,1
Hotel les deux Îles,1
Hotel de Lutèce,1
Hotel Saint-Louis en l'Isle,1
Le Jardin de Cluny,1
Marignan,1
Hotel du Collège de France,1
Hotel Diana,1
Mercure Notre-Dame,1
Royal Saint-Michel,1
Aparthotel Adagio access Paris Bastille,1
Hotel Esmerelda,1
Henri IV rive gauche,1
Melia Paris Notre Dame,1
Le Presbytère,1
Hotel Beaubourg,1
duO,1
Mercure Sorbonne,1
D'win,1
Villa Mazarin,1
Hotel de Nice,1
Hotel Caron de Beaumarchais,1
Hotel France Louvre,1
Le Compostelle,1
Maxim Quartier Latin,1
Hotel Pratic,1
Hotel Paris Rivoli,1
Le Temple de Jeanne,1
Jardins de Paris Marais-Bastille,1
Hotel Georgette,1
Paris Bruxelles,1
Nazareth,1
Austin's Arts et Metiers,1
Au cœur des Arts et Metiers,1
Le Relais du Marais,1
Paris France Hotel,1
Hotel des Fontaines,1
Hotel 3H / Paris Marais,1
So'Marais,1
Hotel du Haut Marais,1
Hotel Saint-Pierre,1
Jules et Jim,1
Hotel du Vieux Saule,1
Monsieur Saintonge,1
Meteore,1
Grand Hotel Saint-Michel,1
Hotel du Bresil,1
Hotel de Senlis,1
Hotel Beauvoir,1
Hotel des Balcons,1
Hotel des Mines,1
Les Jardins du Luxembourg,1
Hotel de l'Esperance,1
Hotel Orphee,1
Hotel du Pas-de-Calais,1
Centre International de Sejour de Paris-Kellermann,1
Élement hotel,1
25 Hours Hotel Terminus Nord,1
Hotel Canal Saint-Martin,1
Le Milie Rose,1
Ibis - Paris Gare du Nord Chateau Landon,1
Hotel de Milan,1
Hotel Paris-Nord,1
L'equiquier,1
Hotel d'Alsace,1
Hotel Providence,1
Grand Hotel des Voyageurs,1
Maison du Pre,1
Le Citizen Hotel,1
Libertel Gare de l'Est Français,1
Hotel Bristol Nord,1
Hotel Aix Europe,1
ibis Paris Canal Saint-Martin,1
Hotel Marclau,1
Hotel Provinces Opera,1
Modern' Est,1
Hotel Pacific,1
Hotel du centre,1
Moris,1
Hotel Metropol,1
Hotel Hauteville Opera,1
Hotel Palace,1
Le Marcel,1
Parisiana,1
Renaissance Paris Republique Hotel,1
Grand Hotel de Paris,1
Residence Capitaine Paoli,1
Hotel Excelsior,1
Hotel Beaurepaire,1
Hotel Montana,1
Ibis Styles Paris Republique Le Marais,1
Hotel Ibis Paris Gare du Nord,1
Hotel Grand Amour,1
Hotel des Belges,1
Staycity,1
Hotel Belta,1
Hotel d'Amiens,1
Midnight Hotel,1
Mercure Paris Opera Grands Boulevards,1
Timhotel Paris Gare de l'Est,1
Belfort Hotel,1
La planque,1
Hotel des comedies,1
Hotel de Bordeaux,1
Little Regina,1
"Saint-Christopher's Inns, Gare du Nord",1
Little Hotel,1
Hotel Albert 1er,1
Metropole La Fayette,1
Hotel Antinea,1
Abricotel,1
Hotel Relais Bergson,1
Hotel Pradier,1
Hotel Le Bienvenue,1
Hotel des Buttes Chaumont,1
Ibis Styles Paris Buttes Chaumont,1
Hotel de la Comète,1
Hotel Lutetia,1
Hotel Metropolitain,1
Hotel Voltaire Republique,1
Hotel Oberkampf,1
Hotel Baudin,1
Hotel international,1
Hotel Saint-Ambroise,1
Saint Martin Bastille,1
Acacia,1
Hotel de Touraine,1
Marais HÔme,1
Cosmos,1
Hotel de Nevers,1
Hotel Paris Bastille Boutet MGallery by Sofitel,1
Hotel Verlain,1
Gardette Park Hotel,1
Hotel Leonard De Vinci,1
Hotel des Andelys,1
Absolute Hotel,1
Hotel Beausejour,1
Hotel HOR Les Lumières,1
Hotel du Chemin Vert,1
Comfort Hotel Nation - Paris 11,1
Gabriel,1
Orillon hotel,1
Hotel Ibis Paris Avenue de la Republique,1
Le General,1
Villa Luxembourg,1
Hilton Garden Inn Paris La Villette,1
Hotel Royal Saint-Germain,1
Aramis Saint-Germain,1
Louison,1
Hotel Edouard VI,1
Hotel La Parizienne,1
Le Saint Gregoire,1
Hotel de Sèvres,1
Hotel Marquis,1
La Canopee,1
Hotel Haussmann Saint-Augustin,1
Le Petit Madeleine,1
Le Lavoisier,1
Hotel Le Mathurin,1
Hotel Opera Marigny,1
Émeraude Madeleine Haussmann,1
Hotel Concortel,1
Hotel Fauchon,1
Hotel de Pourtalès,1
Royal Opera,1
Chavanel,1
Oceanic,1
Best Western Premier Opera Diamond,1
Hotel Cervantes Paris,1
Alexandrine Opera,1
Villa Saxe Eiffel,1
Sofitel Arc de Triomphe,1
Hotel Best Western Anjou Lafayette,1
Ibis Paris Grands Boulevards Opera,1
Hotel du Leman,1
Parister,1
Villa Opera Drouot,1
Mercure Paris Monty Opera,1
Hotel Royal-Bergère,1
George Sand,1
Le Pera,1
Astra,1
Hotel Caumartin Opera,1
Maison Nabis,1
Hotel Rotary,1
Villathena,1
New Hotel Opera,1
Hotel Pilime,1
ATN Hotel,1
Hotel Vintimille,1
Le Grey Hotel,1
Le Secret de Paris,1
Hotel Marignan Champs-Élysees,1
Hotel Helios Opera,1
Excelsior,1
Hotel Rochechouart,1
Hotel Touring,1
Beige,1
Hotel Arvor,1
Hotel Chateaudun Opera,1
Les Matins de Paris,1
Monterosa,1
Hotel Touraine Opera,1
Hotel Vernet,1
TimHotel Invalides,1
Hotel Eiffel Turenne,1
Hotel Muguet,1
Hotel Le Cinq Codet,1
Scarlett,1
Bridget,1
Novotel Paris 20 Belleville,1
Menil Bon Temps,1
Babel,1
Hotel des Vosges,1
Hipotel Buttes-Chaumont Pyrenees,1
Hotel Levert,1
Panam Hotel,1
Hotel Lilas-Gambetta,1
Adagio Access Paris Philippe Auguste,1
Residence Internationale de Paris,1
Hotel Napoleon,1
Hotel Elysees Ceramic,1
Residence Nolet,1
Art Hotel Congrès,1
Kimotel,1
Darcet,1
Hotel de Cabourg,1
Camelia International,1
Hotel De L'Avenir Jonquière,1
Hotel de l'Avenir,1
Nice Hotel,1
Lekatorze hotel,1
Azur Hotel,1
Hotel d'Aveyron,1
Hotel Eldorado,1
Agate Hotel,1
L'Ermitage,1
Hotel Luxia,1
Hotel Paris Bastille,1
Le Relais Montmartre,1
Le 209,1
"Le Quartier, Bercy - Square",1
Mercure - Paris Bastille,1
Ibis Gare De Lyon Diderot,1
Hotel des allies,1
Le Marceau Bastille,1
Hotel Claret,1
Hotel du Roussillon,1
Hotel des 5 diamants,1
Hotel Verlaine,1
Mercure Blanqui Place d'Italie,1
Hotel Ambre,1
Hotel Ibis Italie Tolbiac,1
Hotel Media,1
Best Western Plus La Demeure,1
ibis Paris Place d'Italie 13ème,1
Coq Hotel,1
Grand Hotel des Gobelins,1
Ibis Styles Paris Tolbiac Bibliothèque,1
Hotel Majesty,1
Hotel Novex,1
Urban Bivouac,1
The Playce Hotel,1
Hotel Appolo Opera,1
Fiat,1
Royal Fromentin,1
Hotel Leopold,1
Hotel Montparnasse - Saint-Germain,1
Hotel Arotel,1
L'Esperance,1
Hotel Edgard Quinet,1
Hotel de Paris Montparnasse,1
Hotel de la Tour,1
Hotel Odessa,1
Relais Moncey,1
Hotel Waldorf,1
Nouvel Orleans,1
Hotel du Lion,1
Villa Montparnasse,1
Hotel transcontinental,1
Tipi,1
Solar Hotel,1
Montparnasse Daguerre,1
Petit Palace Hotel,1
Hotel Telemaque,1
Le Lionceau,1
Hotel Denfert-Montparnasse,1
Hotel Aviatic,1
Mistral Hotel,1
Suites & hotel Montparnasse,1
BOB,1
"Niepce Paris Hotel, Curio Collection by Hilton",1
Hotel Apollon Montparnasse,1
Hotel Mercure Paris XV,1
Campanile,1
Hotel du Maine,1
Ariane Montparnasse,1
ibis Styles Paris Alesia Montparnasse,1
Hotel Concorde Montparnasse,1
La Perle Montparnasse,1
Hotel Lecourbe,1
Hotel Terminus Orleans,1
Mercure Paris Alesia,1
Hotel Montparnasse Alesia,1
Hotel - Villa du Maine,1
Hotel Acropole,1
Villa M,1
15 Montparnasse,1
Avia Saphir Montparnasse,1
Hotel Duret,1
Saint-James,1
Hotel Alexander,1
Villa Glamour,1
Windsor Home,1
Hotel Auteuil Tour Eiffel,1
Hotel Square,1
Paris Arc de Triomphe,1
Hotel Monceau Elysees,1
Le Pierre,1
Hotel Doisy,1
Elsa,1
Splendid Étoile,1
Hotel Balmoral,1
Villa Eugenie,1
Le Tsula,1
Hotel Belfast,1
Archetype,1
Hotel La Regence,1
Hotel Phenix,1
Hotel Mercedes,1
Villa Brunel,1
Paris J'Adore Hotel & Spa,1
Hotel Stella Etoile,1
Pavillon Monceau,1
A l'Oree du Parc,1
Hotel Novotel Paris Tour Eiffel,1
Adagio Paris Tour Eiffel,1
Hotel Paris Bercy,1
B&B Hotel Paris 17 Batignolles,1
Courtyard,1
Mama Shelter Hotel,1
Observatoire Luxembourg,1
Est Hotel Paris,1
B&B Hotel,1
Novotel Suites,1
Hotel Okko,1
Hotel Austerlitz,1
Hotel Citadines Bastille Gare de Lyon,1
Motel One,1
La belle ville,1
Ibis Styles Paris Meteor,1
Mama Shelter Paris West,1
Meininger Hotel,1
Ibis Maine Montparnasse,1
Okko Hotel,1
1K,1
La Lanterne,1
Home Latin,1
Atmosphères,1
Hotel L'ami Justin,1
Hotel de l'Horloge,1
Hótel de Menilmontant,1
Hotel Paris Louis Blanc,1
123 Sebastopol,1
Le daly's,1
Le 74,1
Sofiane,1
Legend,1
Kyriad,1
Hotel Wallace,1
Lilas Blanc Grenelle,1
France Eiffel,1
Hotel Cluny Square,1
Hotel Bastille Speria,1
Hotel du Lys,1
Hotel Excelsior Latin,1
Relais Saint-Sulpice,1
Hotel Aulivia Opera,1
Hotel Hor,1
Ibis Styles - Paris Gare de l'Est TGV,1
Hotel Libertel Canal Saint-Martin,1
Richard,1
Standard Design,1
Hotel de Crillon,1
Le Bristol,1
Hilton Paris Opera,1
NHB,1
Axel Opera,1
Serotel Suites,1
Maison Athenee,1
Hotel Plaza Athenee,1
Hotel France Albion,1
Hotel Le Tourville,1
Hotel Effeil-Blomet,1
Hotel Agenor,1
Hotel Rubens,1
Aladin,1
Hotel d'Alesia,1
Hotel Apollinaire,1
Hotel Clairefontaine,1
Hotel Saint-Marcel,1
Best Western Opera Batignolles,1
Hotel Meridien Etoile,1
Hotel Le Villiers,1
Hotel Riviera Élysees,1
Timhotel Montmartre,1
Le Paris 18 Hotel,1
Hyatt Regency Paris Etoile,1
Yooma Urban Lodge,1
